OBJECTID,IPEDSID,NAME,ADDRESS,CITY,STATE,ZIP,ZIP4,TELEPHONE,TYPE,STATUS,POPULATION,COUNTY,COUNTYFIPS,COUNTRY,LATITUDE,LONGITUDE,NAICS_CODE,NAICS_DESC,SOURCE,SOURCEDATE,VAL_METHOD,VAL_DATE,WEBSITE,STFIPS,COFIPS,SECTOR,LEVEL_,HI_OFFER,DEG_GRANT,LOCALE,CLOSE_DATE,MERGE_ID,ALIAS,SIZE_SET,INST_SIZE,PT_ENROLL,FT_ENROLL,TOT_ENROLL,HOUSING,DORM_CAP,TOT_EMP,SHELTER_ID
138,490382,HARMONY HEALTH CARE INSTITUTE,"10 AL PAUL LANE, SUITE 204",MERRIMACK,NH,3054,0,(603) 886-0822,3,A,126,HILLSBOROUGH,33011,USA,42.80418955,-71.48825478,611511,COSMETOLOGY AND BARBER SCHOOLS,https://nces.ed.gov/GLOBALLOCATOR/col_info_popup.asp?ID=490382,2018-11-06T00:00:00Z,IMAGERY/OTHER,2018-11-09T00:00:00Z,www.harmony-health.org,33,11,9,3,2,2,22,-2,-2,NOT AVAILABLE,-2,1,-999,105,105,2,-999,21,NOT AVAILABLE
152,455381,SKIN SCIENCE INSTITUTE,10299 S. 1300 E.,SANDY,UT,84094,NOT AVAILABLE,(801) 983-0619,3,A,99,SALT LAKE,49035,USA,40.56436923,-111.8514386,611511,COSMETOLOGY AND BARBER SCHOOLS,https://nces.ed.gov/GLOBALLOCATOR/col_info_popup.asp?ID=455381,2011-06-01T00:00:00Z,IMAGERY/OTHER,2019-04-08T00:00:00Z,skinscienceinstitute.com,49,35,9,3,2,2,21,-2,-2,NOT AVAILABLE,-2,1,43,41,84,2,-999,15,NOT AVAILABLE
177,491093,NATIONAL AMERICAN UNIVERSITY-GARDEN CITY,801 CAMPUS DRIVE,GARDEN CITY,KS,67846,6333,(620) 805-3550,3,A,-999,FINNEY,20055,USA,37.97036812,-100.8492331,611310,"COLLEGES, UNIVERSITIES, AND PROFESSIONAL SCHOOLS",https://nces.ed.gov/GLOBALLOCATOR/col_info_popup.asp?ID=491093,2018-11-06T00:00:00Z,IMAGERY/OTHER,2019-03-08T00:00:00Z,www.national.edu/locations/campuses/garden-city/,20,55,3,1,5,1,33,-2,-2,NOT AVAILABLE,-2,1,-999,-999,-999,2,-999,-999,NOT AVAILABLE
200,105367,OTTAWA UNIVERSITY-PHOENIX,9414 NORTH 25TH AVENUE,PHOENIX,AZ,85021,NOT AVAILABLE,(602) 371-1188,2,A,1160,MARICOPA,4013,USA,33.57216139,-112.1130573,611310,"COLLEGES, UNIVERSITIES, AND PROFESSIONAL SCHOOLS",https://nces.ed.gov/GLOBALLOCATOR/col_info_popup.asp?ID=105367,2009-10-13T00:00:00Z,IMAGERY/OTHER,2019-01-24T00:00:00Z,www.ottawa.edu,4,13,2,1,8,1,11,-2,-2,OU - PHOENIX,6,2,749,274,1023,2,-999,137,NOT AVAILABLE
204,111391,CALIFORNIA WESTERN SCHOOL OF LAW,225 CEDAR ST,SAN DIEGO,CA,92101,3046,(619) 239-0391,2,A,999,SAN DIEGO,6073,USA,32.72174267,-117.1626005,611310,"COLLEGES, UNIVERSITIES, AND PROFESSIONAL SCHOOLS",https://nces.ed.gov/GLOBALLOCATOR/col_info_popup.asp?ID=111391,2009-10-13T00:00:00Z,IMAGERY/OTHER,2019-01-24T00:00:00Z,https://www.cwsl.edu,6,73,2,1,9,1,11,-2,-2,NOT AVAILABLE,18,1,252,541,793,2,-999,206,NOT AVAILABLE
292,491871,VOGUE INTERNATIONAL ACADEMY,14099 WESTHEIMER RD.,HOUSTON,TX,77077,5423,(713) 384-5855,3,A,10,HARRIS,48201,USA,29.73450334,-95.63933515,611511,COSMETOLOGY AND BARBER SCHOOLS,https://nces.ed.gov/GLOBALLOCATOR/col_info_popup.asp?ID=491871,2019-12-04T00:00:00Z,IMAGERY/OTHER,2019-12-16T00:00:00Z,www.vogueinternationalacademy.com,48,201,9,3,2,2,11,-2,-2,NOT AVAILABLE,-2,1,5,1,6,2,-999,4,NOT AVAILABLE
308,184995,HUDSON COUNTY COMMUNITY COLLEGE,70 SIP AVENUE,JERSEY CITY,NJ,7306,NOT AVAILABLE,(201) 714-7100,1,A,9208,HUDSON,34017,USA,40.7311103,-74.06278263,611210,JUNIOR COLLEGES,https://nces.ed.gov/GLOBALLOCATOR/col_info_popup.asp?ID=184995,2009-10-13T00:00:00Z,IMAGERY/OTHER,2020-01-30T00:00:00Z,www.hccc.edu,34,17,4,2,3,1,11,-2,-2,HCCC,4,3,3695,4507,8202,2,-999,1006,NOT AVAILABLE
317,190114,METROPOLITAN COLLEGE OF NEW YORK,60 WEST STREET,NEW YORK,NY,10006,1742,(800) 338-4465,2,A,1280,NEW YORK,36061,USA,40.70861709,-74.01471504,611310,"COLLEGES, UNIVERSITIES, AND PROFESSIONAL SCHOOLS",https://nces.ed.gov/GLOBALLOCATOR/col_info_popup.asp?ID=190114,2009-10-13T00:00:00Z,IMAGERY/OTHER,2019-01-28T00:00:00Z,https://www.mcny.edu,36,61,2,1,7,1,11,-2,-2,MCNY,9,1,133,847,980,2,-999,300,NOT AVAILABLE
342,492139,DSDT,1759 W. 20TH STREET,DETROIT,MI,48216,NOT AVAILABLE,(313) 263-4200,3,A,152,WAYNE,26163,USA,42.32562021,-83.08148801,611519,OTHER TECHNICAL AND TRADE SCHOOLS,https://nces.ed.gov/GLOBALLOCATOR/col_info_popup.asp?ID=492139,2019-12-04T00:00:00Z,IMAGERY/OTHER,2019-12-16T00:00:00Z,https://dsdt.edu,26,163,9,3,1,2,11,-2,-2,NOT AVAILABLE,-2,1,-999,110,110,2,-999,42,NOT AVAILABLE
352,240718,WYOTECH,1889 VENTURE DRIVE,LARAMIE,WY,82070,9519,(307) 742-3776,3,A,327,ALBANY,56001,USA,41.30344293,-105.6210554,611210,JUNIOR COLLEGES,https://nces.ed.gov/GLOBALLOCATOR/col_info_popup.asp?ID=240718,2009-10-13T00:00:00Z,IMAGERY/OTHER,2020-01-30T00:00:00Z,https://www.wyotech.rocks,56,1,6,2,4,1,33,-2,-2,NOT AVAILABLE,1,1,-999,253,253,1,180,74,NOT AVAILABLE
356,241304,COLUMBIA CENTRAL UNIVERSITY-CAGUAS,CARR 183 KM 1.7,CAGUAS,PR,726,NOT AVAILABLE,(787) 743-1240,3,A,1170,CAGUAS,72025,PRI,18.22327891,-66.02253312,611310,"COLLEGES, UNIVERSITIES, AND PROFESSIONAL SCHOOLS",https://nces.ed.gov/GLOBALLOCATOR/col_info_popup.asp?ID=241304,2009-12-31T00:00:00Z,IMAGERY/OTHER,2019-01-29T00:00:00Z,www.columbiacentral.edu,72,25,3,1,7,1,13,-2,-2,NOT AVAILABLE,6,2,435,573,1008,2,-999,162,NOT AVAILABLE
381,492458,BRYANT & STRATTON COLLEGE-RACINE,1320 WARWICK WAY,MOUNT PLEASANT,WI,53406,4375,(262) 200-7090,3,G,-999,RACINE,55101,USA,42.71792747,-87.8651197,611310,"COLLEGES, UNIVERSITIES, AND PROFESSIONAL SCHOOLS",https://nces.ed.gov/GLOBALLOCATOR/col_info_popup.asp?ID=492458,2019-12-04T00:00:00Z,IMAGERY/OTHER,2019-12-16T00:00:00Z,https://www.bryantstratton.edu,55,101,3,1,5,1,22,-2,451750,NOT AVAILABLE,-2,-2,-999,-999,-999,-1,-999,-999,NOT AVAILABLE
490,460835,PLATT COLLEGE-MILLER-MOTTE TECHNICAL-CONWAY,2451 EAST HIGHWAY 501,CONWAY,SC,29526,9508,(843) 591-1100,3,A,658,HORRY,45051,USA,33.78882534,-78.99350095,611210,JUNIOR COLLEGES,https://nces.ed.gov/GLOBALLOCATOR/col_info_popup.asp?ID=460835,2013-06-25T00:00:00Z,IMAGERY/OTHER,2020-01-31T00:00:00Z,www.miller-motte.edu,45,51,6,2,3,1,22,-2,-2,NOT AVAILABLE,2,1,37,563,600,2,-999,58,NOT AVAILABLE
511,488934,TULSA TECHNOLOGY CENTER,3420 S MEMORIAL DRIVE,TULSA,OK,74145,NOT AVAILABLE,(918) 828-5000,1,A,5111,TULSA,40143,USA,36.11297264,-95.88911499,611519,OTHER TECHNICAL AND TRADE SCHOOLS,https://nces.ed.gov/GLOBALLOCATOR/col_info_popup.asp?ID=488934,2018-04-10T00:00:00Z,IMAGERY/OTHER,2019-02-01T00:00:00Z,https://tulsatech.edu,40,143,4,2,4,2,11,-2,-2,TULSA TECH,-2,2,3459,683,4142,2,-999,969,NOT AVAILABLE
567,125019,VENTURA COUNTY COMMUNITY COLLEGE SYSTEM OFFICE,"761 E. DAILY DRIVE, SUITE 200",CAMARILLO,CA,93010,NOT AVAILABLE,(805) 652-5500,1,A,86,VENTURA,6111,USA,34.30163675,-119.298783,611710,EDUCATIONAL SUPPORT SERVICES,https://nces.ed.gov/GLOBALLOCATOR/col_info_popup.asp?ID=125019,2009-10-13T00:00:00Z,IMAGERY/OTHER,2019-03-14T00:00:00Z,www.vcccd.edu,6,111,0,2,4,1,13,-2,-2,VENTURA COUNTY COMMUNITY COLLEGE DISTRICT,-2,-2,-999,-999,-999,-2,-999,86,NOT AVAILABLE
615,487889,REGIONAL CENTER FOR BORDER HEALTH,950 E. MAIN ST BUILDING A,SOMERTON,AZ,85350,NOT AVAILABLE,(928) 315-7600,2,A,130,YUMA,4027,USA,32.69880672,-114.6658404,611519,OTHER TECHNICAL AND TRADE SCHOOLS,https://nces.ed.gov/GLOBALLOCATOR/col_info_popup.asp?ID=487889,2018-04-10T00:00:00Z,UNVERIFIED,2018-04-10T00:00:00Z,www.rcbh.edu/index.html,4,27,8,3,1,2,31,-2,-2,NOT AVAILABLE,-2,1,-999,120,120,2,-999,10,NOT AVAILABLE
695,489812,PIMA MEDICAL INSTITUTE-DILLON,434 E. POINDEXTER STREET,DILLON,MT,59725,3581,(406) 865-0233,3,A,60,BEAVERHEAD,30001,USA,45.20876814,-112.6421768,611210,JUNIOR COLLEGES,https://nces.ed.gov/GLOBALLOCATOR/col_info_popup.asp?ID=489812,2018-04-10T00:00:00Z,UNVERIFIED,2018-04-10T00:00:00Z,www.pmi.edu,30,1,6,2,3,1,33,-2,-2,NOT AVAILABLE,1,1,-999,55,55,2,-999,5,NOT AVAILABLE
697,138284,FLORIDA PANHANDLE TECHNICAL COLLEGE,757 HOYT STREET,CHIPLEY,FL,32428,1618,(850) 638-1180,1,A,426,WASHINGTON,12133,USA,30.77452975,-85.55334461,611511,COSMETOLOGY AND BARBER SCHOOLS,https://nces.ed.gov/GLOBALLOCATOR/col_info_popup.asp?ID=138284,2009-10-13T00:00:00Z,GEOCODE,2015-10-23T00:00:00Z,fptc.edu,12,133,4,2,4,2,32,-2,-2,WASHINGTON-HOLMES TECHNICAL COLLEGE,-2,1,87,257,344,2,-999,82,NOT AVAILABLE
715,193821,NEW YORK LAW SCHOOL,185 WEST BROADWAY,NEW YORK,NY,10013,2921,(212) 431-2100,2,A,1346,NEW YORK,36061,USA,40.71777624,-74.00690504,611310,"COLLEGES, UNIVERSITIES, AND PROFESSIONAL SCHOOLS",https://nces.ed.gov/GLOBALLOCATOR/col_info_popup.asp?ID=193821,2009-10-13T00:00:00Z,IMAGERY/OTHER,2019-01-28T00:00:00Z,www.nyls.edu,36,61,2,1,9,1,11,-2,-2,NOT AVAILABLE,18,2,228,874,1102,1,61,244,NOT AVAILABLE
718,200527,TURTLE MOUNTAIN COMMUNITY COLLEGE,10145 BIA #7,BELCOURT,ND,58316,NOT AVAILABLE,(701) 477-7862,2,A,680,ROLETTE,38079,USA,48.88376654,-99.7508241,611210,JUNIOR COLLEGES,https://nces.ed.gov/GLOBALLOCATOR/col_info_popup.asp?ID=200527,2009-12-31T00:00:00Z,IMAGERY,2015-11-25T00:00:00Z,www.tm.edu,38,79,2,1,5,1,43,-2,-2,TMCC,6,1,111,420,531,2,-999,149,NOT AVAILABLE
821,459523,ABC BEAUTY ACADEMY,2109 BUCKINGHAM RD.,RICHARDSON,TX,75081,NOT AVAILABLE,(469) 872-0889,3,A,44,DALLAS,48113,USA,32.92983792,-96.68437934,611511,COSMETOLOGY AND BARBER SCHOOLS,https://nces.ed.gov/GLOBALLOCATOR/col_info_popup.asp?ID=459523,2013-06-25T00:00:00Z,IMAGERY/OTHER,2015-10-13T00:00:00Z,www.abcbeautyacademy.webs.com,48,113,9,3,2,2,12,-2,-2,NOT AVAILABLE,-2,1,2,26,28,2,-999,16,NOT AVAILABLE
823,133872,ADVENTHEALTH UNIVERSITY,671 WINYAH DRIVE,ORLANDO,FL,32803,NOT AVAILABLE,(407) 303-7742,2,A,2123,ORANGE,12095,USA,28.5761647,-81.36770062,611310,"COLLEGES, UNIVERSITIES, AND PROFESSIONAL SCHOOLS",https://nces.ed.gov/GLOBALLOCATOR/col_info_popup.asp?ID=133872,2009-10-13T00:00:00Z,IMAGERY/OTHER,2015-10-16T00:00:00Z,www.ahu.edu,12,95,2,1,9,1,11,-2,-2,FLORIDA HOSPITAL COLLEGE,9,2,1034,654,1688,1,174,435,NOT AVAILABLE
824,371052,FORTIS COLLEGE,7033 AIRPORT BLVD.,MOBILE,AL,36608,NOT AVAILABLE,(251) 344-3111,3,A,508,MOBILE,1097,USA,30.68422137,-88.20554052,611210,JUNIOR COLLEGES,https://nces.ed.gov/GLOBALLOCATOR/col_info_popup.asp?ID=371052,2009-10-13T00:00:00Z,IMAGERY/OTHER,2019-03-20T00:00:00Z,www.fortis.edu,1,97,9,3,2,2,12,-2,-2,FORTIS COLLEGE - MOBILE,-2,1,-999,434,434,2,-999,74,NOT AVAILABLE
853,199148,UNIVERSITY OF NORTH CAROLINA AT GREENSBORO,1400 SPRING GARDEN ST,GREENSBORO,NC,27402,6170,(336) 334-5000,1,A,23247,GUILFORD,37081,USA,36.06555667,-79.8130545,611310,"COLLEGES, UNIVERSITIES, AND PROFESSIONAL SCHOOLS",https://nces.ed.gov/GLOBALLOCATOR/col_info_popup.asp?ID=199148,2009-10-13T00:00:00Z,IMAGERY,2015-11-03T00:00:00Z,www.uncg.edu,37,81,1,1,9,1,11,-2,-2,UNCG,16,5,4564,15632,20196,1,5666,3051,NOT AVAILABLE
866,243151,UNIVERSITY OF PUERTO RICO-CAYEY,205 ANTONIO R. BARCELO AVE.,CAYEY,PR,737,2230,(787) 738-2161,1,A,3339,CAYEY,72035,PRI,18.11721045,-66.16318281,611310,"COLLEGES, UNIVERSITIES, AND PROFESSIONAL SCHOOLS",https://nces.ed.gov/GLOBALLOCATOR/col_info_popup.asp?ID=243151,2009-12-31T00:00:00Z,IMAGERY,2015-11-24T00:00:00Z,www.cayey.upr.edu,72,35,1,1,5,1,21,-2,-2,"UPRC, UPR-CAYEY, UPR AT CAYEY",12,2,228,2657,2885,2,-999,454,NOT AVAILABLE
887,462017,SUMMIT SALON ACADEMY-KOKOMO,1012 S REED RD,KOKOMO,IN,46901,6248,(765) 454-9840,3,A,107,HOWARD,18067,USA,40.47581631,-86.10638484,611511,COSMETOLOGY AND BARBER SCHOOLS,https://nces.ed.gov/GLOBALLOCATOR/col_info_popup.asp?ID=462017,2013-06-25T00:00:00Z,GEOCODE,2015-11-20T00:00:00Z,kokomobeautyschool.com,18,67,9,3,2,2,13,-2,-2,NOT AVAILABLE,-2,1,-999,94,94,2,-999,13,NOT AVAILABLE
916,476878,AESTHETIC SCIENCE INSTITUTE,922 TROY-SCHENECTADY ROAD,LATHAM,NY,12110,1095,(518) 786-0760,3,A,68,ALBANY,36001,USA,42.7618734,-73.79486577,611511,COSMETOLOGY AND BARBER SCHOOLS,https://nces.ed.gov/GLOBALLOCATOR/col_info_popup.asp?ID=476878,2013-11-04T00:00:00Z,IMAGERY/OTHER,2019-03-29T00:00:00Z,www.aestheticscienceinstitute.edu,36,1,9,3,2,2,21,-2,-2,NOT AVAILABLE,-2,1,28,29,57,2,-999,11,NOT AVAILABLE
947,194310,PACE UNIVERSITY,1 PACE PLAZA,NEW YORK,NY,10038,1598,(212) 346-1200,2,A,16714,NEW YORK,36061,USA,40.7116902,-74.00488518,611310,"COLLEGES, UNIVERSITIES, AND PROFESSIONAL SCHOOLS",https://nces.ed.gov/GLOBALLOCATOR/col_info_popup.asp?ID=194310,2009-10-13T00:00:00Z,IMAGERY/OTHER,2016-07-07T00:00:00Z,www.pace.edu,36,61,2,1,9,1,11,-2,-2,PACE UNIVERSITY,16,4,3019,10376,13395,1,3780,3319,NOT AVAILABLE
961,234030,VIRGINIA COMMONWEALTH UNIVERSITY,910 W FRANKLIN ST,RICHMOND,VA,23284,2512,(804) 828-0100,1,A,37247,RICHMOND (CITY),51760,USA,37.54761156,-77.45361877,611310,"COLLEGES, UNIVERSITIES, AND PROFESSIONAL SCHOOLS",https://nces.ed.gov/GLOBALLOCATOR/col_info_popup.asp?ID=234030,2009-10-13T00:00:00Z,IMAGERY/OTHER,2016-07-07T00:00:00Z,https://www.vcu.edu/,51,760,1,1,9,1,12,-2,-2,VCU,15,5,4975,24782,29757,1,6234,7490,NOT AVAILABLE
966,161864,BALTIMORE CITY COMMUNITY COLLEGE,2901 LIBERTY HEIGHTS AVENUE,BALTIMORE,MD,21215,7893,(410) 462-8300,1,A,5646,BALTIMORE (CITY),24510,USA,39.32000938,-76.66288836,611210,JUNIOR COLLEGES,https://nces.ed.gov/GLOBALLOCATOR/col_info_popup.asp?ID=161864,2009-12-10T00:00:00Z,IMAGERY/OTHER,2016-07-07T00:00:00Z,www.bccc.edu,24,510,4,2,3,1,11,-2,-2,NOT AVAILABLE,3,2,3330,1579,4909,2,-999,737,NOT AVAILABLE
967,157085,UNIVERSITY OF KENTUCKY,SOUTH LIMESTONE,LEXINGTON,KY,40506,32,(859) 257-9000,1,A,41897,FAYETTE,21067,USA,38.02873763,-84.50249393,611310,"COLLEGES, UNIVERSITIES, AND PROFESSIONAL SCHOOLS",https://nces.ed.gov/GLOBALLOCATOR/col_info_popup.asp?ID=157085,2009-12-31T00:00:00Z,IMAGERY,2015-11-09T00:00:00Z,www.uky.edu,21,67,1,1,9,1,11,-2,-2,NOT AVAILABLE,16,5,3101,26301,29402,1,8103,12495,NOT AVAILABLE
971,208406,CLACKAMAS COMMUNITY COLLEGE,19600 MOLALLA AVE,OREGON CITY,OR,97045,8980,(503) 594-6000,1,A,7182,CLACKAMAS,41005,USA,45.32314038,-122.5742929,611210,JUNIOR COLLEGES,https://nces.ed.gov/GLOBALLOCATOR/col_info_popup.asp?ID=208406,2009-10-13T00:00:00Z,IMAGERY/OTHER,2016-07-07T00:00:00Z,www.clackamas.edu,41,5,4,2,3,1,21,-2,-2,NOT AVAILABLE,3,3,3912,2358,6270,2,-999,912,10784054
982,227058,TINT SCHOOL OF MAKEUP AND COSMETOLOGY-IRVING,2716 W. IRVING BLVD,IRVING,TX,75061,4235,(972) 513-1176,3,A,140,DALLAS,48113,USA,32.82962398,-96.98071806,611511,COSMETOLOGY AND BARBER SCHOOLS,https://nces.ed.gov/GLOBALLOCATOR/col_info_popup.asp?ID=227058,2009-10-13T00:00:00Z,GEOCODE,2016-08-15T00:00:00Z,www.tintschoolofmakeupandcosmetology.com,48,113,9,3,2,2,12,-2,-2,NOT AVAILABLE,-2,1,-999,128,128,2,-999,12,NOT AVAILABLE
1078,197133,VASSAR COLLEGE,124 RAYMOND AVE,POUGHKEEPSIE,NY,12604,NOT AVAILABLE,(845) 437-7000,2,A,3600,DUTCHESS,36027,USA,41.68595666,-73.89753317,611310,"COLLEGES, UNIVERSITIES, AND PROFESSIONAL SCHOOLS",https://nces.ed.gov/GLOBALLOCATOR/col_info_popup.asp?ID=197133,2009-10-13T00:00:00Z,IMAGERY,2015-10-27T00:00:00Z,www.vassar.edu,36,27,2,1,7,1,21,-2,-2,NOT AVAILABLE,11,2,15,2424,2439,1,2392,1161,NOT AVAILABLE
1084,200192,LAKE REGION STATE COLLEGE,1801 COLLEGE DR N,DEVILS LAKE,ND,58301,1598,(701) 662-1600,1,A,2101,RAMSEY,38071,USA,48.12798792,-98.86899739,611210,JUNIOR COLLEGES,https://nces.ed.gov/GLOBALLOCATOR/col_info_popup.asp?ID=200192,2009-10-13T00:00:00Z,IMAGERY/OTHER,2016-06-14T00:00:00Z,www.lrsc.edu,38,71,4,2,4,1,33,-2,-2,NOT AVAILABLE,2,2,1467,515,1982,1,203,119,NOT AVAILABLE
1135,131399,UNIVERSITY OF THE DISTRICT OF COLUMBIA,4200 CONNECTICUT AVE NW,WASHINGTON,DC,20008,NOT AVAILABLE,(202) 274-5000,1,A,5357,DISTRICT OF COLUMBIA,11001,USA,38.94379885,-77.06623885,611310,"COLLEGES, UNIVERSITIES, AND PROFESSIONAL SCHOOLS",https://nces.ed.gov/GLOBALLOCATOR/col_info_popup.asp?ID=131399,2009-10-13T00:00:00Z,IMAGERY/OTHER,2015-10-28T00:00:00Z,www.udc.edu,11,1,1,1,9,1,11,-2,-2,NOT AVAILABLE,9,2,2166,2033,4199,2,-999,1158,NOT AVAILABLE
1145,156417,CLEAR CREEK BAPTIST BIBLE COLLEGE,300 CLEAR CREEK RD,PINEVILLE,KY,40977,9752,(606) 337-3196,2,A,163,BELL,21013,USA,36.72526999,-83.72772868,611310,"COLLEGES, UNIVERSITIES, AND PROFESSIONAL SCHOOLS",https://nces.ed.gov/GLOBALLOCATOR/col_info_popup.asp?ID=156417,2009-10-13T00:00:00Z,IMAGERY/OTHER,2016-06-27T00:00:00Z,www.ccbbc.edu/,21,13,2,1,5,1,42,-2,-2,CLEAR CREEK SPRINGS|CLEAR CREEK MOUNTAIN PREACHERS BIBLE SCHOOL|CLEAR CREEK BAPTIST SCHOOL|CCBBC,6,1,59,64,123,1,100,40,NOT AVAILABLE
1154,237127,APPALACHIAN BEAUTY SCHOOL,25429 US HWY 119N,BELFRY,KY,41514,NOT AVAILABLE,(606) 625-6477,3,A,32,PIKE,21195,USA,37.66988346,-82.28590839,611511,COSMETOLOGY AND BARBER SCHOOLS,https://nces.ed.gov/GLOBALLOCATOR/col_info_popup.asp?ID=237127,2009-10-13T00:00:00Z,IMAGERY/OTHER,2015-11-03T00:00:00Z,appalachianbeautyschool.com/,21,195,9,3,2,2,41,-2,-2,NOT AVAILABLE,-2,1,-999,28,28,2,-999,4,NOT AVAILABLE
1172,369400,UNIVERSAL TECHNICAL INSTITUTE-AUTO MOTORCYCLE & MARINE MECHANICS INSTITUTE DIVISION-ORLANDO,9751 DELEGATES DR,ORLANDO,FL,32837,NOT AVAILABLE,(877) 201-2991,3,A,2284,ORANGE,12095,USA,28.42432301,-81.40970464,611519,OTHER TECHNICAL AND TRADE SCHOOLS,https://nces.ed.gov/GLOBALLOCATOR/col_info_popup.asp?ID=369400,2009-10-13T00:00:00Z,GEOCODE,2015-11-12T00:00:00Z,www.uti.edu/,12,95,6,2,4,2,21,-2,-2,UNIVERSAL TECHNICAL INSTITUTE - AUTOMOTIVE DIVISION - ORLANDO |UNIVERSAL TECHNICAL INSTITUTE - MOTORCYCLE MECHANICS INSTITUTE DIVISION |UNIVERSAL TECHNICAL INSTITUTE - MARINE MECHANICS INSTITUTE DIVISION |MMI-ORLANDO |UNIVERSAL TECHNICAL INSTITUTE  |UTI-ORLANDO,-2,2,-999,2161,2161,2,-999,123,NOT AVAILABLE
1175,174604,RAINY RIVER COMMUNITY COLLEGE,1501 HIGHWAY 71,INTERNATIONAL FALLS,MN,56649,2160,(218) 285-7722,1,A,273,KOOCHICHING,27071,USA,48.590017,-93.42974874,611210,JUNIOR COLLEGES,https://nces.ed.gov/GLOBALLOCATOR/col_info_popup.asp?ID=174604,2009-10-13T00:00:00Z,IMAGERY/OTHER,2016-06-28T00:00:00Z,www.rainyriver.edu,27,71,4,2,4,1,33,-2,-2,NOT AVAILABLE,1,1,42,168,210,1,94,63,10791806
1224,245625,WARREN COUNTY COMMUNITY COLLEGE,475 ROUTE 57 W,WASHINGTON,NJ,7882,4343,(908) 835-9222,1,A,3362,WARREN,34041,USA,40.74501985,-75.01780059,611210,JUNIOR COLLEGES,https://nces.ed.gov/GLOBALLOCATOR/col_info_popup.asp?ID=245625,2009-10-13T00:00:00Z,IMAGERY/OTHER,2015-10-23T00:00:00Z,www.warren.edu,34,41,4,2,3,1,31,-2,-2,NOT AVAILABLE,2,2,2696,547,3243,2,-999,119,NOT AVAILABLE
1267,200873,ALLEGHENY WESLEYAN COLLEGE,2161 WOODSDALE RD,SALEM,OH,44460,9598,(330) 337-4030,2,A,107,COLUMBIANA,39029,USA,40.86722986,-80.86122442,611310,"COLLEGES, UNIVERSITIES, AND PROFESSIONAL SCHOOLS",https://nces.ed.gov/GLOBALLOCATOR/col_info_popup.asp?ID=200873,2009-10-13T00:00:00Z,IMAGERY/OTHER,2015-10-28T00:00:00Z,awc.edu,39,29,2,1,5,1,41,-2,-2,NOT AVAILABLE,8,1,19,49,68,1,77,39,NOT AVAILABLE
1300,238333,BELOIT COLLEGE,700 COLLEGE ST,BELOIT,WI,53511,5595,(608) 363-2000,2,A,1461,ROCK,55105,USA,42.50358762,-89.0317197,611310,"COLLEGES, UNIVERSITIES, AND PROFESSIONAL SCHOOLS",https://nces.ed.gov/GLOBALLOCATOR/col_info_popup.asp?ID=238333,2009-10-13T00:00:00Z,IMAGERY/OTHER,2016-07-06T00:00:00Z,www.beloit.edu,55,105,2,1,5,1,13,-2,-2,NOT AVAILABLE,11,2,61,1082,1143,1,1211,318,NOT AVAILABLE
1333,448840,UNIVERSITY OF SOUTH FLORIDA-ST PETERSBURG,140 SEVENTH AVE S.,ST. PETERSBURG,FL,33701,9807,(727) 873-4873,1,A,5063,PINELLAS,12103,USA,27.7627575,-82.63659896,611310,"COLLEGES, UNIVERSITIES, AND PROFESSIONAL SCHOOLS",https://nces.ed.gov/GLOBALLOCATOR/col_info_popup.asp?ID=448840,2011-06-02T00:00:00Z,GEOCODE,2015-10-29T00:00:00Z,https://www.usfsp.edu,12,103,1,1,7,1,11,-2,-2,UNIVERSITY OF SOUTH FLORIDA ST. PETERSBURG  USF ST. PETERSBURG  USF SP  UNIVERSITY OF SOUTH FLORIDA - ST.PETE,12,2,1769,2679,4448,1,614,615,NOT AVAILABLE
1336,455187,TOTAL IMAGE BEAUTY ACADEMY,3900 BERGENLINE AVE 2ND FLOOR,UNION CITY,NJ,7087,NOT AVAILABLE,(201) 766-2355,3,A,58,HUDSON,34017,USA,40.77581575,-74.02609641,611511,COSMETOLOGY AND BARBER SCHOOLS,https://nces.ed.gov/GLOBALLOCATOR/col_info_popup.asp?ID=455187,2011-06-02T00:00:00Z,IMAGERY/OTHER,2019-04-08T00:00:00Z,www.tiba.edu,34,17,9,3,2,2,21,-2,-2,NOT AVAILABLE,-2,1,30,6,36,2,-999,22,NOT AVAILABLE
1359,233718,SWEET BRIAR COLLEGE,134 CHAPEL DRIVE,SWEET BRIAR,VA,24595,9998,(434) 381-6100,2,A,568,AMHERST,51009,USA,37.55635056,-79.07973399,611310,"COLLEGES, UNIVERSITIES, AND PROFESSIONAL SCHOOLS",https://nces.ed.gov/GLOBALLOCATOR/col_info_popup.asp?ID=233718,2009-12-31T00:00:00Z,IMAGERY/OTHER,2016-08-05T00:00:00Z,www.sbc.edu,51,9,2,1,7,1,22,-2,-2,NOT AVAILABLE,8,1,1,353,354,1,637,214,NOT AVAILABLE
1387,457572,SUMMIT SALON ACADEMY,1944 EAST 53RD STREET,ANDERSON,IN,46013,NOT AVAILABLE,(765) 649-5555,3,A,132,MADISON,18095,USA,40.06029846,-85.65559126,611511,COSMETOLOGY AND BARBER SCHOOLS,https://nces.ed.gov/GLOBALLOCATOR/col_info_popup.asp?ID=457572,2013-06-25T00:00:00Z,GEOCODE,2015-11-20T00:00:00Z,www.andersonsalonacademy.com,18,95,9,3,2,2,13,-2,-2,NOT AVAILABLE,-2,1,-999,113,113,2,-999,19,NOT AVAILABLE
1459,164076,TOWSON UNIVERSITY,8000 YORK RD,TOWSON,MD,21252,1,(410) 704-2000,1,A,26074,BALTIMORE,24005,USA,39.39298288,-76.61223334,611310,"COLLEGES, UNIVERSITIES, AND PROFESSIONAL SCHOOLS",https://nces.ed.gov/GLOBALLOCATOR/col_info_popup.asp?ID=164076,2009-10-13T00:00:00Z,IMAGERY/OTHER,2015-11-19T00:00:00Z,www.towson.edu,24,5,1,1,9,1,13,-2,-2,NOT AVAILABLE,16,5,4483,18226,22709,1,5908,3365,NOT AVAILABLE
1493,182634,COLBY-SAWYER COLLEGE,541 MAIN ST,NEW LONDON,NH,3257,7835,(603) 526-3000,2,A,1170,MERRIMACK,33013,USA,43.41167046,-71.97584006,611310,"COLLEGES, UNIVERSITIES, AND PROFESSIONAL SCHOOLS",https://nces.ed.gov/GLOBALLOCATOR/col_info_popup.asp?ID=182634,2009-10-13T00:00:00Z,IMAGERY/OTHER,2016-06-29T00:00:00Z,www.colby-sawyer.edu,33,13,2,1,7,1,42,-2,-2,COLBY-SAWYER,8,1,52,803,855,1,890,315,NOT AVAILABLE
1527,152798,ALLEN COLLEGE,1990 HEATH ST,WATERLOO,IA,50703,1999,(319) 226-2000,2,A,774,BLACK HAWK,19013,USA,42.53003631,-92.34010347,611310,"COLLEGES, UNIVERSITIES, AND PROFESSIONAL SCHOOLS",https://nces.ed.gov/GLOBALLOCATOR/col_info_popup.asp?ID=152798,2009-10-13T00:00:00Z,IMAGERY/OTHER,2015-10-28T00:00:00Z,www.allencollege.edu,19,13,2,1,9,1,13,-2,-2,NOT AVAILABLE,6,1,150,506,656,2,-999,118,NOT AVAILABLE
1536,152673,WABASH COLLEGE,301 WEST WABASH AVENUE,CRAWFORDSVILLE,IN,47933,352,(765) 361-6100,2,A,1155,MONTGOMERY,18107,USA,40.0370252,-86.90783407,611310,"COLLEGES, UNIVERSITIES, AND PROFESSIONAL SCHOOLS",https://nces.ed.gov/GLOBALLOCATOR/col_info_popup.asp?ID=152673,2009-10-13T00:00:00Z,IMAGERY/OTHER,2015-10-23T00:00:00Z,www.wabash.edu,18,107,2,1,5,1,32,-2,-2,NOT AVAILABLE,8,1,1,866,867,1,933,288,NOT AVAILABLE
1575,168218,WELLESLEY COLLEGE,106 CENTRAL ST,WELLESLEY,MA,2481,8203,(781) 283-1000,2,A,3757,NORFOLK,25021,USA,42.29372017,-71.30663834,611310,"COLLEGES, UNIVERSITIES, AND PROFESSIONAL SCHOOLS",https://nces.ed.gov/GLOBALLOCATOR/col_info_popup.asp?ID=168218,2009-12-10T00:00:00Z,IMAGERY,2015-10-21T00:00:00Z,www.wellesley.edu,25,21,2,1,5,1,21,-2,-2,NOT AVAILABLE,11,2,120,2399,2519,1,2209,1238,10784548
1581,455220,CAREER SCHOOL OF NY,350 ST. MARKS PL,STATEN ISLAND,NY,10301,NOT AVAILABLE,(718) 420-6440,2,A,65,RICHMOND,36085,USA,40.64130484,-74.07814111,611519,OTHER TECHNICAL AND TRADE SCHOOLS,https://nces.ed.gov/GLOBALLOCATOR/col_info_popup.asp?ID=455220,2011-06-02T00:00:00Z,GEOCODE,2016-06-01T00:00:00Z,careerschoolny.com/,36,85,8,3,2,2,11,-2,-2,NOT AVAILABLE,-2,1,-999,50,50,2,-999,15,NOT AVAILABLE
1603,475750,CARRINGTON COLLEGE-MESQUITE,3733 W. EMPORIUM CIRCLE,MESQUITE,TX,75150,6509,(972) 682-2800,3,A,84,DALLAS,48113,USA,32.8158824,-96.62597415,611519,OTHER TECHNICAL AND TRADE SCHOOLS,https://nces.ed.gov/GLOBALLOCATOR/col_info_popup.asp?ID=475750,2013-11-04T00:00:00Z,IMAGERY/OTHER,2016-05-19T00:00:00Z,https://carrington.edu/,48,113,6,2,3,1,21,-2,-2,CARRINGTON COLLEGE-MESQUITE,1,1,-999,66,66,2,-999,18,NOT AVAILABLE
1604,475839,SESSIONS COLLEGE FOR PROFESSIONAL DESIGN,"51 WEST 3RD ST, SUITE E-301",TEMPE,AZ,85281,NOT AVAILABLE,(480) 212-1704,3,A,232,MARICOPA,4013,USA,33.42693728,-111.940417,611610,FINE ARTS SCHOOLS,https://nces.ed.gov/GLOBALLOCATOR/col_info_popup.asp?ID=475839,2013-11-04T00:00:00Z,GEOCODE,2016-05-19T00:00:00Z,https://www.sessions.edu,4,13,6,2,3,1,12,-2,-2,SESSIONS COLLEGE,1,1,100,85,185,2,-999,47,NOT AVAILABLE
1629,457697,CITY VISION UNIVERSITY,1100 E 11TH STREET,KANSAS CITY,MO,64106,3028,(816) 960-2008,2,A,111,JACKSON,29095,USA,39.07091062,-94.57619154,611310,"COLLEGES, UNIVERSITIES, AND PROFESSIONAL SCHOOLS",https://nces.ed.gov/GLOBALLOCATOR/col_info_popup.asp?ID=457697,2013-06-25T00:00:00Z,GEOCODE,2016-05-23T00:00:00Z,www.cityvision.edu,29,95,2,1,7,1,11,-2,-2,NOT AVAILABLE,6,1,74,9,83,2,-999,28,NOT AVAILABLE
1681,459532,SALON & SPA INSTITUTE,2695 NORTH CORIA STREET,BROWNSVILLE,TX,78520,8809,(956) 541-3330,3,A,104,CAMERON,48061,USA,25.93892036,-97.50860201,611511,COSMETOLOGY AND BARBER SCHOOLS,https://nces.ed.gov/GLOBALLOCATOR/col_info_popup.asp?ID=459532,2013-06-25T00:00:00Z,IMAGERY/OTHER,2019-03-29T00:00:00Z,www.ssi.edu,48,61,9,3,2,2,12,-2,-2,NOT AVAILABLE,-2,1,-999,92,92,2,-999,12,NOT AVAILABLE
1768,475325,MILAN INSTITUTE-LAS VEGAS,710 SOUTH TONOPAH DRIVE,LAS VEGAS,NV,89106,4031,(702) 671-4242,3,A,268,CLARK,32003,USA,36.16197914,-115.1706226,611519,OTHER TECHNICAL AND TRADE SCHOOLS,https://nces.ed.gov/GLOBALLOCATOR/col_info_popup.asp?ID=475325,2013-11-04T00:00:00Z,IMAGERY/OTHER,2016-05-18T00:00:00Z,www.milaninstitute.edu,32,3,9,3,2,2,11,-2,-2,NOT AVAILABLE,-2,1,-999,237,237,2,-999,31,NOT AVAILABLE
1774,475565,CUNY STELLA AND CHARLES GUTTMAN COMMUNITY COLLEGE,50 WEST 40TH STREET,NEW YORK,NY,10018,2602,(646) 313-8000,1,A,1277,NEW YORK,36061,USA,40.75290941,-73.98403814,611420,COMPUTER TRAINING,https://nces.ed.gov/GLOBALLOCATOR/col_info_popup.asp?ID=475565,2013-11-04T00:00:00Z,IMAGERY/OTHER,2020-06-26T00:00:00Z,www.guttman.cuny.edu/,36,61,4,2,3,1,11,-2,-2,GUTTMAN | CUNY GUTTMAN COMMUNITY COLLEGE | GCC | STELLA AND CHARLES GUTTMAN COMMUNITY COLLEGE | GUTTMAN COMMUNITY COLLEGE,2,2,111,911,1022,2,-999,255,NOT AVAILABLE
1777,154110,NORTHEAST IOWA COMMUNITY COLLEGE,1625 HWY 150,CALMAR,IA,52132,400,(563) 562-3263,1,A,5160,WINNESHIEK,19191,USA,43.17498939,-91.86561344,611210,JUNIOR COLLEGES,https://nces.ed.gov/GLOBALLOCATOR/col_info_popup.asp?ID=154110,2009-10-13T00:00:00Z,IMAGERY/OTHER,2016-07-07T00:00:00Z,www.nicc.edu,19,191,4,2,3,1,42,-2,-2,NICC,3,2,3280,1128,4408,2,-999,752,10809875
1830,479956,PENNSYLVANIA STATE UNIVERSITY-WORLD CAMPUS,128 OUTREACH BUILDING,UNIVERSITY PARK,PA,16802,1503,(814) 865-5403,1,A,-999,CENTRE,42027,USA,40.83272915,-77.84174709,611310,"COLLEGES, UNIVERSITIES, AND PROFESSIONAL SCHOOLS",https://nces.ed.gov/GLOBALLOCATOR/col_info_popup.asp?ID=479956,2013-11-04T00:00:00Z,IMAGERY/OTHER,2019-04-01T00:00:00Z,worldcampus.psu.edu/,42,27,1,1,9,1,41,-2,-2,PENN STATE,12,4,-999,-999,-999,2,-999,-999,NOT AVAILABLE
1847,212452,FAITH THEOLOGICAL SEMINARY,529 WALKER AVENUE,BALTIMORE,MD,21212,2624,(410) 323-1113,2,A,145,BALTIMORE (CITY),24510,USA,39.37164969,-76.60589232,611310,"COLLEGES, UNIVERSITIES, AND PROFESSIONAL SCHOOLS",https://nces.ed.gov/GLOBALLOCATOR/col_info_popup.asp?ID=212452,2015-08-10T00:00:00Z,IMAGERY/OTHER,2015-08-26T00:00:00Z,fts.edu,24,510,2,1,9,1,11,-2,-2,NOT AVAILABLE,6,1,70,51,121,2,-999,24,NOT AVAILABLE
1851,480833,THE COLLEGE OF HEALTH CARE PROFESSIONS-FORT WORTH,4248 NORTH FREEWAY,FORT WORTH,TX,76137,5021,(817) 632-5900,3,A,564,TARRANT,48439,USA,32.81689247,-97.31159842,611310,"COLLEGES, UNIVERSITIES, AND PROFESSIONAL SCHOOLS",https://nces.ed.gov/GLOBALLOCATOR/col_info_popup.asp?ID=480833,2015-08-10T00:00:00Z,IMAGERY/OTHER,2015-08-26T00:00:00Z,www.chcp.edu,48,439,6,2,3,1,11,-2,-2,NOT AVAILABLE,2,1,-999,508,508,2,-999,56,NOT AVAILABLE
1856,219471,UNIVERSITY OF SOUTH DAKOTA,414 E CLARK ST,VERMILLION,SD,57069,2390,(605) 677-5301,1,A,11588,CLAY,46027,USA,42.78467831,-96.9265792,611310,"COLLEGES, UNIVERSITIES, AND PROFESSIONAL SCHOOLS",https://nces.ed.gov/GLOBALLOCATOR/col_info_popup.asp?ID=219471,2009-12-10T00:00:00Z,IMAGERY/OTHER,2016-08-24T00:00:00Z,WWW.USD.EDU,46,27,1,1,9,1,32,-2,-2,USD,13,3,3736,6184,9920,1,2226,1668,10821074
1897,482334,NATIONAL AMERICAN UNIVERSITY-RICHARDSON,"300 NORTH COIT ROAD, SUITE 225",RICHARDSON,TX,75080,5400,(972) 773-8650,3,A,-999,DALLAS,48113,USA,32.95452067,-96.76823959,611310,"COLLEGES, UNIVERSITIES, AND PROFESSIONAL SCHOOLS",https://nces.ed.gov/GLOBALLOCATOR/col_info_popup.asp?ID=482334,2015-08-10T00:00:00Z,IMAGERY/OTHER,2019-04-03T00:00:00Z,www.national.edu/locations/campuses/richardson/,48,113,3,1,5,1,12,-2,-2,NOT AVAILABLE,6,1,-999,-999,-999,2,-999,-999,NOT AVAILABLE
1898,482194,ARROJO COSMETOLOGY SCHOOL,200 HUDSON STREET,NEW YORK,NY,10013,NOT AVAILABLE,(212) 242-6408,3,A,67,NEW YORK,36061,USA,40.72756536,-74.00514196,611511,COSMETOLOGY AND BARBER SCHOOLS,https://nces.ed.gov/GLOBALLOCATOR/col_info_popup.asp?ID=482194,2015-08-10T00:00:00Z,IMAGERY/OTHER,2015-09-03T00:00:00Z,www.arrojocosmetology.com,36,61,9,3,2,2,11,-2,-2,NA ENTERPRISES LLC D/B/A ARROJO COSMETOLOGY SCHOOL,-2,1,15,35,50,2,-999,17,NOT AVAILABLE
1946,483610,SUTTER BEAUTY COLLEGE,651 NORTH PALORA AVENUE,YUBA CITY,CA,95991,NOT AVAILABLE,(530) 673-3265,3,D,-999,SUTTER,6101,USA,39.13174534,-121.6331811,611511,COSMETOLOGY AND BARBER SCHOOLS,https://nces.ed.gov/GLOBALLOCATOR/col_info_popup.asp?ID=483610,2016-01-21T00:00:00Z,IMAGERY/OTHER,2016-01-21T00:00:00Z,sutterbeautycollege.com,6,101,9,3,2,2,13,06/28/2019,-2,NOT AVAILABLE,-2,-2,-999,-999,-999,-1,-999,-999,NOT AVAILABLE
2018,230834,CASTLETON UNIVERSITY,62 ALUMNI DR,CASTLETON,VT,5735,NOT AVAILABLE,(802) 468-5611,1,A,2788,RUTLAND,50021,USA,43.60811524,-73.18154678,611310,"COLLEGES, UNIVERSITIES, AND PROFESSIONAL SCHOOLS",https://nces.ed.gov/GLOBALLOCATOR/col_info_popup.asp?ID=230834,2009-10-13T00:00:00Z,IMAGERY/OTHER,2016-08-04T00:00:00Z,www.castleton.edu,50,21,1,1,7,1,32,-2,-2,NOT AVAILABLE,11,2,658,1741,2399,1,1160,389,10812471
2044,485397,EMPIRE BEAUTY SCHOOL-CHELTENHAM,"CEDARBROOK PLAZA, 1000 EASTON ROAD",WYNCOTE,PA,19095,NOT AVAILABLE,(800) 920-4593,3,A,125,MONTGOMERY,42091,USA,40.08185873,-75.16780004,611511,COSMETOLOGY AND BARBER SCHOOLS,https://nces.ed.gov/GLOBALLOCATOR/col_info_popup.asp?ID=485397,2016-01-21T00:00:00Z,IMAGERY/OTHER,2016-01-22T00:00:00Z,www.empire.edu,42,91,9,3,2,2,21,-2,-2,NOT AVAILABLE,-2,1,34,79,113,2,-999,12,NOT AVAILABLE
2045,485412,COACHELLA VALLEY BEAUTY COLLEGE-HEMET,3643 W. FLORIDA AVE.,HEMET,CA,92545,NOT AVAILABLE,(951) 769-0675,3,A,92,RIVERSIDE,6065,USA,33.92979824,-116.9483163,611511,COSMETOLOGY AND BARBER SCHOOLS,https://nces.ed.gov/GLOBALLOCATOR/col_info_popup.asp?ID=485412,2016-01-21T00:00:00Z,IMAGERY/OTHER,2016-01-22T00:00:00Z,cvbeautycollege.com/,6,65,9,3,2,2,22,-2,-2,CV BEAUTY COLLEGE,-2,1,-999,84,84,2,-999,8,NOT AVAILABLE
2049,112181,CITRUS HEIGHTS BEAUTY COLLEGE,7518 BAIRD WAY,CITRUS HEIGHTS,CA,95610,1410,(916) 725-8611,3,A,138,SACRAMENTO,6067,USA,38.71339038,-121.2893857,611511,COSMETOLOGY AND BARBER SCHOOLS,https://nces.ed.gov/GLOBALLOCATOR/col_info_popup.asp?ID=112181,2013-11-04T00:00:00Z,IMAGERY/OTHER,2016-05-18T00:00:00Z,chbeautycollege.com,6,67,9,3,2,2,21,-2,-2,NOT AVAILABLE,-2,1,-999,123,123,2,-999,15,NOT AVAILABLE
2059,483045,CENTRAL GEORGIA TECHNICAL COLLEGE,80 COHEN WALKER DRIVE,WARNER ROBINS,GA,31088,NOT AVAILABLE,(478) 757-3400,1,A,9222,HOUSTON,13153,USA,32.54532662,-83.66769134,611310,"COLLEGES, UNIVERSITIES, AND PROFESSIONAL SCHOOLS",https://nces.ed.gov/GLOBALLOCATOR/col_info_popup.asp?ID=483045,2015-08-10T00:00:00Z,IMAGERY,2016-05-18T00:00:00Z,www.centralgatech.edu,13,153,4,2,4,1,13,-2,-2,CGTC,3,3,6161,2083,8244,2,-999,978,NOT AVAILABLE
2090,173179,BETHEL SEMINARY-ST PAUL,3949 BETHEL DR,SAINT PAUL,MN,55112,NOT AVAILABLE,(651) 638-6288,2,D,-999,RAMSEY,27123,USA,45.0603065,-93.16289299,611310,"COLLEGES, UNIVERSITIES, AND PROFESSIONAL SCHOOLS",https://nces.ed.gov/GLOBALLOCATOR/col_info_popup.asp?ID=173179,2009-10-13T00:00:00Z,IMAGERY/OTHER,2020-01-30T00:00:00Z,https://www.bethel.edu,27,123,2,1,9,1,21,08/17/2018,-2,BETHEL SEMINARY ST. PAUL |BETHEL UNIVERSITY/BETHEL SEMINARY |BETHEL THEOLOGICAL SEMINARY,18,-2,-999,-999,-999,-1,-999,-999,10790049
2096,173160,BETHEL UNIVERSITY,3900 BETHEL DR,SAINT PAUL,MN,55112,NOT AVAILABLE,(651) 638-6400,2,A,4935,RAMSEY,27123,USA,45.05786605,-93.16034374,611310,"COLLEGES, UNIVERSITIES, AND PROFESSIONAL SCHOOLS",https://nces.ed.gov/GLOBALLOCATOR/col_info_popup.asp?ID=173160,2009-10-13T00:00:00Z,IMAGERY,2016-06-10T00:00:00Z,https://www.bethel.edu,27,123,2,1,9,1,21,-2,-2,NOT AVAILABLE,14,2,1277,2728,4005,1,1845,930,10790049
2125,480994,ASPEN BEAUTY ACADEMY OF LAUREL,3535 FORT MEADE ROAD,LAUREL,MD,20724,NOT AVAILABLE,(301) 490-8580,3,A,80,ANNE ARUNDEL,24003,USA,39.09968096,-76.8222665,611511,COSMETOLOGY AND BARBER SCHOOLS,https://nces.ed.gov/GLOBALLOCATOR/col_info_popup.asp?ID=480994,2015-08-10T00:00:00Z,IMAGERY/OTHER,2020-06-26T00:00:00Z,www.aspenlaurel.com,24,3,9,3,2,2,21,-2,-2,NOT AVAILABLE,-2,1,21,48,69,2,-999,11,NOT AVAILABLE
2137,482015,SOUTHERN CAREERS INSTITUTE-SAN ANTONIO,6963 NW LOOP 410,SAN ANTONIO,TX,78238,4114,(512) 437-7500,3,A,438,BEXAR,48029,USA,29.45850853,-98.62737817,611210,JUNIOR COLLEGES,https://nces.ed.gov/GLOBALLOCATOR/col_info_popup.asp?ID=482015,2015-08-10T00:00:00Z,IMAGERY/OTHER,2015-09-03T00:00:00Z,www.scitexas.edu,48,29,9,3,2,2,11,-2,-2,NOT AVAILABLE,-2,1,-999,438,438,2,-999,-999,NOT AVAILABLE
2153,481483,BOCA BEAUTY ACADEMY,7820 GLADES ROAD,BOCA RATON,FL,33434,4178,(561) 487-1202,3,A,138,PALM BEACH,12099,USA,26.36609878,-80.16798432,611511,COSMETOLOGY AND BARBER SCHOOLS,https://nces.ed.gov/GLOBALLOCATOR/col_info_popup.asp?ID=481483,2015-08-10T00:00:00Z,IMAGERY/OTHER,2015-09-02T00:00:00Z,www.bocabeautyacademy.edu,12,99,9,3,2,2,21,-2,-2,NOT AVAILABLE,-2,1,31,69,100,2,-999,38,NOT AVAILABLE
2170,217998,ERSKINE COLLEGE,2 WASHINGTON ST,DUE WEST,SC,29639,NOT AVAILABLE,(864) 379-2131,2,A,1068,ABBEVILLE,45001,USA,34.33058488,-82.39051369,611310,"COLLEGES, UNIVERSITIES, AND PROFESSIONAL SCHOOLS",https://nces.ed.gov/GLOBALLOCATOR/col_info_popup.asp?ID=217998,2009-10-13T00:00:00Z,IMAGERY/OTHER,2016-07-06T00:00:00Z,www.erskine.edu,45,1,2,1,9,1,42,-2,-2,ERSKINE COLLEGE AND SEMINARY,8,1,125,787,912,1,580,156,NOT AVAILABLE
2171,217633,ANDERSON UNIVERSITY,316 BOULEVARD,ANDERSON,SC,29621,4035,(864) 231-2000,2,A,4323,ANDERSON,45007,USA,34.51514474,-82.6391924,611310,"COLLEGES, UNIVERSITIES, AND PROFESSIONAL SCHOOLS",https://nces.ed.gov/GLOBALLOCATOR/col_info_popup.asp?ID=217633,2009-10-13T00:00:00Z,IMAGERY/OTHER,2015-11-02T00:00:00Z,www.andersonuniversity.edu,45,7,2,1,9,1,13,-2,-2,AU,14,2,456,3087,3543,1,1472,780,NOT AVAILABLE
2236,153861,MAHARISHI UNIVERSITY OF MANAGEMENT,1000 N 4TH ST,FAIRFIELD,IA,52557,NOT AVAILABLE,(641) 472-7000,2,A,2300,JEFFERSON,19101,USA,41.01782256,-91.96735487,611310,"COLLEGES, UNIVERSITIES, AND PROFESSIONAL SCHOOLS",https://nces.ed.gov/GLOBALLOCATOR/col_info_popup.asp?ID=153861,2009-10-13T00:00:00Z,IMAGERY,2016-08-02T00:00:00Z,https://www.mum.edu,19,101,2,1,9,1,33,-2,-2,NOT AVAILABLE,11,2,693,1168,1861,1,550,439,NOT AVAILABLE
2250,468848,UNITED EDUCATION INSTITUTE-UEI COLLEGE SAN MARCOS,2085 MONTIEL ROAD,SAN MARCOS,CA,92069,3587,(760) 690-5200,3,A,541,SAN DIEGO,6073,USA,33.13144779,-117.1185584,611519,OTHER TECHNICAL AND TRADE SCHOOLS,https://nces.ed.gov/GLOBALLOCATOR/col_info_popup.asp?ID=468848,2018-02-13T00:00:00Z,IMAGERY/OTHER,2018-02-15T00:00:00Z,www.uei.edu,6,73,9,3,2,2,21,-2,-2,NOT AVAILABLE,-2,1,-999,489,489,2,-999,52,NOT AVAILABLE
2285,487092,EMORY UNIVERSITY-OXFORD COLLEGE,801 EMORY STREET,OXFORD,GA,30054,NOT AVAILABLE,(770) 784-8888,2,A,1225,NEWTON,13217,USA,33.6185416,-83.86838826,611210,JUNIOR COLLEGES,https://nces.ed.gov/GLOBALLOCATOR/col_info_popup.asp?ID=487092,2018-02-13T00:00:00Z,IMAGERY/OTHER,2018-02-19T00:00:00Z,www.oxford.emory.edu/,13,217,5,2,3,1,21,-2,-2,NOT AVAILABLE,2,1,1,982,983,1,922,242,NOT AVAILABLE
2293,486859,WISCONSIN ACADEMY A PAUL MITCHELL PARTNER GROUP-PMTS LINCOLN,5601 SOUTH 59TH STREET SUITE D,LINCOLN,NE,68516,2306,(402) 261-5322,3,A,50,LANCASTER,31109,USA,40.7560916,-96.64129463,611511,COSMETOLOGY AND BARBER SCHOOLS,https://nces.ed.gov/GLOBALLOCATOR/col_info_popup.asp?ID=486859,2018-02-13T00:00:00Z,IMAGERY/OTHER,2018-02-19T00:00:00Z,lincoln.paulmitchell.edu,31,109,6,2,4,2,11,-2,-2,PAUL MITCHELL THE SCHOOL LINCOLN,-2,1,-999,44,44,2,-999,6,NOT AVAILABLE
2306,486433,PRESIDIO GRADUATE SCHOOL,1202 RALSTON AVE #300,SAN FRANCISCO,CA,94129,1749,(415) 655-8918,2,A,171,SAN FRANCISCO,6075,USA,37.80026338,-122.475245,611310,"COLLEGES, UNIVERSITIES, AND PROFESSIONAL SCHOOLS",https://nces.ed.gov/GLOBALLOCATOR/col_info_popup.asp?ID=486433,2018-02-13T00:00:00Z,IMAGERY/OTHER,2018-02-19T00:00:00Z,www.presidio.edu,6,75,2,1,7,1,11,-2,-2,NOT AVAILABLE,18,1,54,66,120,2,-999,51,NOT AVAILABLE
2378,200208,CANKDESKA CIKANA COMMUNITY COLLEGE,214 1ST AVE,FORT TOTTEN,ND,58335,NOT AVAILABLE,(701) 766-4415,1,A,277,BENSON,38005,USA,47.97814872,-98.99083178,611210,JUNIOR COLLEGES,https://nces.ed.gov/GLOBALLOCATOR/col_info_popup.asp?ID=200208,2009-12-31T00:00:00Z,IMAGERY,2016-06-03T00:00:00Z,www.littlehoop.edu,38,5,4,2,3,1,42,-2,-2,LITTLE HOOP COMMUNITY COLLEGE,1,1,74,86,160,2,-999,117,NOT AVAILABLE
2379,203845,MARIETTA COLLEGE,IRVINE BLDG,MARIETTA,OH,45750,NOT AVAILABLE,(800) 331-7896,2,A,1638,WASHINGTON,39167,USA,39.41762457,-81.45004805,611310,"COLLEGES, UNIVERSITIES, AND PROFESSIONAL SCHOOLS",https://nces.ed.gov/GLOBALLOCATOR/col_info_popup.asp?ID=203845,2009-12-31T00:00:00Z,IMAGERY,2016-08-11T00:00:00Z,www.marietta.edu,39,167,2,1,7,1,31,-2,-2,NOT AVAILABLE,11,2,80,1137,1217,1,1243,421,NOT AVAILABLE
2389,403478,LINCOLN TRAIL COLLEGE,11220 STATE HWY 1,ROBINSON,IL,62454,NOT AVAILABLE,(618) 393-2982,1,A,918,CRAWFORD,17033,USA,39.01955727,-87.68897166,611210,JUNIOR COLLEGES,https://nces.ed.gov/GLOBALLOCATOR/col_info_popup.asp?ID=403478,2009-10-13T00:00:00Z,IMAGERY/OTHER,2016-08-08T00:00:00Z,www.iecc.edu/ltc,17,33,4,2,3,1,41,-2,-2,LINCOLN TRAIL COLLEGE,2,1,407,390,797,2,-999,121,NOT AVAILABLE
2451,183655,ATLANTIC CAPE COMMUNITY COLLEGE,5100 BLACK HORSE PIKE,MAYS LANDING,NJ,8330,2699,(609) 625-1111,1,A,5715,ATLANTIC,34001,USA,39.46142655,-74.68229835,611210,JUNIOR COLLEGES,https://nces.ed.gov/GLOBALLOCATOR/col_info_popup.asp?ID=183655,2009-12-10T00:00:00Z,IMAGERY/OTHER,2016-07-07T00:00:00Z,www.atlantic.edu,34,1,4,2,3,1,41,-2,-2,NOT AVAILABLE,3,3,2850,2198,5048,2,-999,667,NOT AVAILABLE
2465,227429,PAUL QUINN COLLEGE,3837 SIMPSON STUART RD,DALLAS,TX,75241,NOT AVAILABLE,(214) 379-5577,2,A,650,DALLAS,48113,USA,32.67717689,-96.75586534,611310,"COLLEGES, UNIVERSITIES, AND PROFESSIONAL SCHOOLS",https://nces.ed.gov/GLOBALLOCATOR/col_info_popup.asp?ID=227429,2009-10-13T00:00:00Z,IMAGERY,2016-08-18T00:00:00Z,www.pqc.edu,48,113,2,1,5,1,11,-2,-2,NOT AVAILABLE,8,1,29,525,554,1,325,96,NOT AVAILABLE
2482,197850,SOUTH PIEDMONT COMMUNITY COLLEGE,680 HIGHWAY 74 WEST,POLKTON,NC,28135,NOT AVAILABLE,(704) 272-5300,1,A,3533,ANSON,37007,USA,35.00030423,-80.2111222,611210,JUNIOR COLLEGES,https://nces.ed.gov/GLOBALLOCATOR/col_info_popup.asp?ID=197850,2009-12-31T00:00:00Z,IMAGERY,2016-07-07T00:00:00Z,www.spcc.edu,37,7,4,2,3,1,42,-2,-2,NOT AVAILABLE,2,2,2488,648,3136,2,-999,397,NOT AVAILABLE
2491,216047,SAINT CHARLES BORROMEO SEMINARY-OVERBROOK,100 EAST WYNNEWOOD ROAD,WYNNEWOOD,PA,19096,NOT AVAILABLE,(610) 667-3394,2,A,280,MONTGOMERY,42091,USA,39.99137437,-75.25570279,611310,"COLLEGES, UNIVERSITIES, AND PROFESSIONAL SCHOOLS",https://nces.ed.gov/GLOBALLOCATOR/col_info_popup.asp?ID=216047,2009-10-13T00:00:00Z,IMAGERY/OTHER,2016-08-22T00:00:00Z,www.scs.edu,42,91,2,1,7,1,21,-2,-2,NOT AVAILABLE,7,1,39,153,192,1,246,88,NOT AVAILABLE
2530,204945,OWENS COMMUNITY COLLEGE,30335 OREGON RD,PERRYSBURG,OH,43551,NOT AVAILABLE,(567) 661-7000,1,A,10361,WOOD,39173,USA,41.58830331,-83.53602964,611210,JUNIOR COLLEGES,https://nces.ed.gov/GLOBALLOCATOR/col_info_popup.asp?ID=204945,2009-10-13T00:00:00Z,IMAGERY,2016-07-07T00:00:00Z,https://www.owens.edu,39,173,4,2,3,1,21,-2,-2,OWENS STATE COMMUNITY COLLEGE,4,3,6959,2351,9310,2,-999,1051,NOT AVAILABLE
2548,455512,WOODLAND COMMUNITY COLLEGE,2300 E GIBSON RD,WOODLAND,CA,95776,NOT AVAILABLE,(530) 661-5700,1,A,3986,YOLO,6113,USA,38.66055394,-121.7342015,611210,JUNIOR COLLEGES,https://nces.ed.gov/GLOBALLOCATOR/col_info_popup.asp?ID=455512,2011-06-02T00:00:00Z,UNVERIFIED,2016-07-28T00:00:00Z,https://wcc.yccd.edu,6,113,4,2,3,1,23,-2,-2,NOT AVAILABLE,2,2,2414,1360,3774,2,-999,212,NOT AVAILABLE
2627,458043,DUVALL'S SCHOOL OF COSMETOLOGY,201 HARWOOD RD STE 218,BEDFORD,TX,76021,NOT AVAILABLE,(817) 281-8819,3,A,135,TARRANT,48439,USA,32.85157728,-97.16928848,611511,COSMETOLOGY AND BARBER SCHOOLS,https://nces.ed.gov/GLOBALLOCATOR/col_info_popup.asp?ID=458043,2013-06-25T00:00:00Z,IMAGERY/OTHER,2016-05-24T00:00:00Z,www.duvallschool.com,48,439,9,3,2,2,21,-2,-2,NOT AVAILABLE,-2,1,18,101,119,2,-999,16,NOT AVAILABLE
2630,458104,RENAISSANCE ACADEMIE,1460 N. MOONRIVER DRIVE,PROVO,UT,84604,NOT AVAILABLE,(801) 592-7572,3,A,126,UTAH,49049,USA,40.24983518,-111.6632155,611511,COSMETOLOGY AND BARBER SCHOOLS,https://nces.ed.gov/GLOBALLOCATOR/col_info_popup.asp?ID=458104,2013-06-25T00:00:00Z,GEOCODE,2016-05-24T00:00:00Z,www.hairschoolonline.com,49,49,9,3,2,2,12,-2,-2,NOT AVAILABLE,-2,1,102,3,105,2,-999,21,NOT AVAILABLE
2647,460516,MILAN INSTITUTE OF COSMETOLOGY-LA QUINTA,78-900 HIGHWAY 111,LA QUINTA,CA,92253,NOT AVAILABLE,(707) 771-5520,3,A,154,RIVERSIDE,6065,USA,33.7060631,-116.2768909,611511,COSMETOLOGY AND BARBER SCHOOLS,https://nces.ed.gov/GLOBALLOCATOR/col_info_popup.asp?ID=460516,2013-06-25T00:00:00Z,IMAGERY/OTHER,2016-05-26T00:00:00Z,www.milaninstitute.edu,6,65,9,3,2,2,21,-2,-2,NOT AVAILABLE,-2,1,-999,134,134,2,-999,20,NOT AVAILABLE
2669,461254,GALAXY MEDICAL COLLEGE,"6400 LAUREL CANYON BOULEVARD, SUITE 115",NORTH HOLLYWOOD,CA,91606,1593,(818) 509-0105,3,A,68,LOS ANGELES,6037,USA,34.18701731,-118.3961973,611519,OTHER TECHNICAL AND TRADE SCHOOLS,https://nces.ed.gov/GLOBALLOCATOR/col_info_popup.asp?ID=461254,2013-06-25T00:00:00Z,IMAGERY/OTHER,2016-05-27T00:00:00Z,www.galaxymedicalcollege.edu,6,37,6,2,3,1,11,-2,-2,NOT AVAILABLE,-2,1,-999,51,51,2,-999,17,NOT AVAILABLE
